db927.jpg,qr177.jpg
db927.jpg,qr161.jpg
db927.jpg,qr293.jpg
db1350.jpg,qr247.jpg
db1350.jpg,qr120.jpg
db1350.jpg,qr221.jpg
db1358.jpg,qr249.jpg
db1358.jpg,qr82.jpg
db1359.jpg,qr187.jpg
db1359.jpg,qr84.jpg
db1367.jpg,qr83.jpg
db1367.jpg,qr25.jpg
db1367.jpg,qr97.jpg
db1424.jpg,qr221.jpg
db1424.jpg,qr47.jpg
db1441.jpg,qr66.jpg
db1441.jpg,qr299.jpg
db1467.jpg,qr209.jpg
db1467.jpg,qr182.jpg
db1664.jpg,qr153.jpg
db1664.jpg,qr281.jpg
db1664.jpg,qr33.jpg
db1676.jpg,qr250.jpg
db1676.jpg,qr147.jpg
db1679.jpg,qr251.jpg
db1679.jpg,qr145.jpg
db1680.jpg,qr145.jpg
db1680.jpg,qr250.jpg
db1680.jpg,qr151.jpg
db1684.jpg,qr147.jpg
db1684.jpg,qr251.jpg
db1684.jpg,qr235.jpg
db1684.jpg,qr1.jpg
db1685.jpg,qr251.jpg
db1685.jpg,qr147.jpg
db1685.jpg,qr206.jpg
db1687.jpg,qr250.jpg
db1687.jpg,qr237.jpg
db1687.jpg,qr185.jpg
db1736.jpg,qr116.jpg
db1736.jpg,qr112.jpg
db1738.jpg,qr137.jpg
db1738.jpg,qr52.jpg
db1739.jpg,qr54.jpg
db1739.jpg,qr136.jpg
db1739.jpg,qr20.jpg
db1784.jpg,qr279.jpg
db1784.jpg,qr104.jpg
db2841.jpg,qr100.jpg
db2841.jpg,qr73.jpg
db1098.jpg,qr262.jpg
db1098.jpg,qr239.jpg
db1100.jpg,qr263.jpg
db1100.jpg,qr160.jpg
db1746.jpg,qr112.jpg
db1746.jpg,qr298.jpg
db1045.jpg,qr17.jpg
db1045.jpg,qr202.jpg
db1451.jpg,qr172.jpg
db1451.jpg,qr287.jpg
db1668.jpg,qr145.jpg
db1723.jpg,qr253.jpg
db1723.jpg,qr175.jpg
db1099.jpg,qr262.jpg
db1099.jpg,qr300.jpg
db1215.jpg,qr215.jpg
db1341.jpg,qr57.jpg
db1538.jpg,qr166.jpg
db928.jpg,qr160.jpg
db1134.jpg,qr125.jpg
db1134.jpg,qr178.jpg
db1686.jpg,qr237.jpg
db1686.jpg,qr75.jpg
db1385.jpg,qr271.jpg
db854.jpg,qr62.jpg
db854.jpg,qr94.jpg
db1136.jpg,qr125.jpg
db1724.jpg,qr256.jpg
db2785.jpg,qr14.jpg
db2785.jpg,qr293.jpg
db1757.jpg,qr266.jpg
db1170.jpg,qr107.jpg
db1170.jpg,qr192.jpg
db1551.jpg,qr298.jpg
db1551.jpg,qr85.jpg
db1463.jpg,qr76.jpg
db2760.jpg,qr31.jpg
db2760.jpg,qr287.jpg
db1782.jpg,qr97.jpg
db1782.jpg,qr114.jpg
db858.jpg,qr62.jpg
db858.jpg,qr194.jpg
db1481.jpg,qr14.jpg
db2886.jpg,qr296.jpg
db1206.jpg,qr109.jpg
db1206.jpg,qr186.jpg
db1689.jpg,qr236.jpg
db1689.jpg,qr155.jpg
db859.jpg,qr61.jpg
db859.jpg,qr195.jpg
db1050.jpg,qr16.jpg
db1050.jpg,qr285.jpg
db1364.jpg,qr25.jpg
db1364.jpg,qr181.jpg
db2751.jpg,qr238.jpg
db2751.jpg,qr171.jpg
db2805.jpg,qr140.jpg
db2805.jpg,qr80.jpg
db1138.jpg,qr124.jpg
db1138.jpg,qr156.jpg
db1335.jpg,qr275.jpg
db1335.jpg,qr122.jpg
db1678.jpg,qr146.jpg
db1022.jpg,qr198.jpg
db1667.jpg,qr145.jpg
db1667.jpg,qr43.jpg
db1415.jpg,qr9.jpg
db1415.jpg,qr81.jpg
db1720.jpg,qr244.jpg
db1419.jpg,qr48.jpg
db1419.jpg,qr174.jpg
db1200.jpg,qr111.jpg
db1200.jpg,qr179.jpg
db1165.jpg,qr108.jpg
db1211.jpg,qr287.jpg
db1211.jpg,qr104.jpg
db1785.jpg,qr279.jpg
db1785.jpg,qr94.jpg
db984.jpg,qr155.jpg
db984.jpg,qr293.jpg
db1333.jpg,qr275.jpg
db1333.jpg,qr5.jpg
db1722.jpg,qr255.jpg
db1722.jpg,qr113.jpg
db1780.jpg,qr72.jpg
db1780.jpg,qr90.jpg
db925.jpg,qr161.jpg
db925.jpg,qr109.jpg
db1758.jpg,qr267.jpg
db1169.jpg,qr106.jpg
db1169.jpg,qr44.jpg
db1021.jpg,qr197.jpg
db1021.jpg,qr83.jpg
db1027.jpg,qr292.jpg
db1644.jpg,qr143.jpg
db1671.jpg,qr146.jpg
db1754.jpg,qr267.jpg
db1762.jpg,qr268.jpg
db1762.jpg,qr65.jpg
db2787.jpg,qr51.jpg
db2787.jpg,qr119.jpg
db2804.jpg,qr261.jpg
db2814.jpg,qr86.jpg
db2814.jpg,qr271.jpg
db2816.jpg,qr87.jpg
db2816.jpg,qr138.jpg
db2825.jpg,qr128.jpg
db3051.jpg,qr14.jpg
db1210.jpg,qr288.jpg
db1210.jpg,qr42.jpg
db1218.jpg,qr215.jpg
db1218.jpg,qr120.jpg
db1225.jpg,qr158.jpg
db1225.jpg,qr297.jpg
db1244.jpg,qr170.jpg
db1244.jpg,qr87.jpg
db1245.jpg,qr170.jpg
db1284.jpg,qr150.jpg
db1284.jpg,qr115.jpg
db1312.jpg,qr200.jpg
db1312.jpg,qr224.jpg
db1339.jpg,qr274.jpg
db1339.jpg,qr103.jpg
db1368.jpg,qr27.jpg
db1368.jpg,qr190.jpg
db1380.jpg,qr229.jpg
db1380.jpg,qr99.jpg
db1381.jpg,qr229.jpg
db1383.jpg,qr272.jpg
db1414.jpg,qr8.jpg
db1416.jpg,qr8.jpg
db1416.jpg,qr282.jpg
