db927.jpg,qr177.jpg,1
db927.jpg,qr161.jpg,1
db927.jpg,qr293.jpg,1
db1350.jpg,qr247.jpg,1
db1350.jpg,qr120.jpg,1
db1350.jpg,qr221.jpg,1
db1358.jpg,qr249.jpg,1
db1358.jpg,qr82.jpg,1
db1359.jpg,qr187.jpg,1
db1359.jpg,qr84.jpg,1
db1367.jpg,qr83.jpg,1
db1367.jpg,qr25.jpg,1
db1367.jpg,qr97.jpg,1
db1424.jpg,qr221.jpg,1
db1424.jpg,qr47.jpg,1
db1441.jpg,qr66.jpg,1
db1441.jpg,qr299.jpg,1
db1467.jpg,qr209.jpg,1
db1467.jpg,qr182.jpg,1
db1664.jpg,qr153.jpg,1
db1664.jpg,qr281.jpg,1
db1664.jpg,qr33.jpg,1
db1676.jpg,qr250.jpg,1
db1676.jpg,qr147.jpg,1
db1679.jpg,qr251.jpg,1
db1679.jpg,qr145.jpg,1
db1680.jpg,qr145.jpg,1
db1680.jpg,qr250.jpg,1
db1680.jpg,qr151.jpg,1
db1684.jpg,qr147.jpg,1
db1684.jpg,qr251.jpg,1
db1684.jpg,qr235.jpg,1
db1684.jpg,qr1.jpg,1
db1685.jpg,qr251.jpg,1
db1685.jpg,qr147.jpg,1
db1685.jpg,qr206.jpg,1
db1687.jpg,qr250.jpg,1
db1687.jpg,qr237.jpg,1
db1687.jpg,qr185.jpg,1
db1736.jpg,qr116.jpg,1
db1736.jpg,qr112.jpg,1
db1738.jpg,qr137.jpg,1
db1738.jpg,qr52.jpg,1
db1739.jpg,qr54.jpg,1
db1739.jpg,qr136.jpg,1
db1739.jpg,qr20.jpg,1
db1784.jpg,qr279.jpg,1
db1784.jpg,qr104.jpg,1
db2841.jpg,qr100.jpg,1
db2841.jpg,qr73.jpg,1
db1098.jpg,qr262.jpg,1
db1098.jpg,qr239.jpg,1
db1100.jpg,qr263.jpg,1
db1100.jpg,qr160.jpg,1
db1746.jpg,qr112.jpg,1
db1746.jpg,qr298.jpg,1
db1045.jpg,qr17.jpg,1
db1045.jpg,qr202.jpg,1
db1451.jpg,qr172.jpg,1
db1451.jpg,qr287.jpg,1
db1668.jpg,qr145.jpg,1
db1723.jpg,qr253.jpg,1
db1723.jpg,qr175.jpg,1
db1099.jpg,qr262.jpg,1
db1099.jpg,qr300.jpg,1
db1215.jpg,qr215.jpg,1
db1341.jpg,qr57.jpg,1
db1538.jpg,qr166.jpg,1
db928.jpg,qr160.jpg,1
db1134.jpg,qr125.jpg,1
db1134.jpg,qr178.jpg,1
db1686.jpg,qr237.jpg,1
db1686.jpg,qr75.jpg,1
db1385.jpg,qr271.jpg,1
db854.jpg,qr62.jpg,1
db854.jpg,qr94.jpg,1
db1136.jpg,qr125.jpg,1
db1724.jpg,qr256.jpg,1
db2785.jpg,qr14.jpg,1
db2785.jpg,qr293.jpg,1
db1757.jpg,qr266.jpg,1
db1170.jpg,qr107.jpg,1
db1170.jpg,qr192.jpg,1
db1551.jpg,qr298.jpg,1
db1551.jpg,qr85.jpg,1
db1463.jpg,qr76.jpg,1
db2760.jpg,qr31.jpg,1
db2760.jpg,qr287.jpg,1
db1782.jpg,qr97.jpg,1
db1782.jpg,qr114.jpg,1
db858.jpg,qr62.jpg,1
db858.jpg,qr194.jpg,1
db1481.jpg,qr14.jpg,1
db2886.jpg,qr296.jpg,1
db1206.jpg,qr109.jpg,1
db1206.jpg,qr186.jpg,1
db1689.jpg,qr236.jpg,1
db1689.jpg,qr155.jpg,1
db859.jpg,qr61.jpg,1
db859.jpg,qr195.jpg,1
db1050.jpg,qr16.jpg,1
db1050.jpg,qr285.jpg,1
db1364.jpg,qr25.jpg,1
db1364.jpg,qr181.jpg,1
db2751.jpg,qr238.jpg,1
db2751.jpg,qr171.jpg,1
db2805.jpg,qr140.jpg,1
db2805.jpg,qr80.jpg,1
db1138.jpg,qr124.jpg,1
db1138.jpg,qr156.jpg,1
db1335.jpg,qr275.jpg,1
db1335.jpg,qr122.jpg,1
db1678.jpg,qr146.jpg,1
db1022.jpg,qr198.jpg,1
db1667.jpg,qr145.jpg,1
db1667.jpg,qr43.jpg,1
db1415.jpg,qr9.jpg,1
db1415.jpg,qr81.jpg,1
db1720.jpg,qr244.jpg,1
db1419.jpg,qr48.jpg,1
db1419.jpg,qr174.jpg,1
db1200.jpg,qr111.jpg,1
db1200.jpg,qr179.jpg,1
db1165.jpg,qr108.jpg,1
db1211.jpg,qr287.jpg,1
db1211.jpg,qr104.jpg,1
db1785.jpg,qr279.jpg,1
db1785.jpg,qr94.jpg,1
db984.jpg,qr155.jpg,1
db984.jpg,qr293.jpg,1
db1333.jpg,qr275.jpg,1
db1333.jpg,qr5.jpg,1
db1722.jpg,qr255.jpg,1
db1722.jpg,qr113.jpg,1
db1780.jpg,qr72.jpg,1
db1780.jpg,qr90.jpg,1
db925.jpg,qr161.jpg,1
db925.jpg,qr109.jpg,1
db1758.jpg,qr267.jpg,1
db1169.jpg,qr106.jpg,1
db1169.jpg,qr44.jpg,1
db1021.jpg,qr197.jpg,1
db1021.jpg,qr83.jpg,1
db1027.jpg,qr292.jpg,1
db1644.jpg,qr143.jpg,1
db1671.jpg,qr146.jpg,1
db1754.jpg,qr267.jpg,1
db1762.jpg,qr268.jpg,1
db1762.jpg,qr65.jpg,1
db2787.jpg,qr51.jpg,1
db2787.jpg,qr119.jpg,1
db2804.jpg,qr261.jpg,1
db2814.jpg,qr86.jpg,1
db2814.jpg,qr271.jpg,1
db2816.jpg,qr87.jpg,1
db2816.jpg,qr138.jpg,1
db2825.jpg,qr128.jpg,1
db3051.jpg,qr14.jpg,1
db1210.jpg,qr288.jpg,1
db1210.jpg,qr42.jpg,1
db1218.jpg,qr215.jpg,1
db1218.jpg,qr120.jpg,1
db1225.jpg,qr158.jpg,1
db1225.jpg,qr297.jpg,1
db1244.jpg,qr170.jpg,1
db1244.jpg,qr87.jpg,1
db1245.jpg,qr170.jpg,1
db1284.jpg,qr150.jpg,1
db1284.jpg,qr115.jpg,1
db1312.jpg,qr200.jpg,1
db1312.jpg,qr224.jpg,1
db1339.jpg,qr274.jpg,1
db1339.jpg,qr103.jpg,1
db1368.jpg,qr27.jpg,1
db1368.jpg,qr190.jpg,1
db1380.jpg,qr229.jpg,1
db1380.jpg,qr99.jpg,1
db1381.jpg,qr229.jpg,1
db1383.jpg,qr272.jpg,1
db1414.jpg,qr8.jpg,1
db1416.jpg,qr8.jpg,1
db1416.jpg,qr282.jpg,1
