db926.jpg,qr177.jpg
db926.jpg,qr160.jpg
db926.jpg,qr214.jpg
db932.jpg,qr1.jpg
db932.jpg,qr176.jpg
db932.jpg,qr236.jpg
db1216.jpg,qr216.jpg
db1216.jpg,qr60.jpg
db1357.jpg,qr247.jpg
db1357.jpg,qr189.jpg
db1423.jpg,qr47.jpg
db1423.jpg,qr222.jpg
db1655.jpg,qr281.jpg
db1655.jpg,qr151.jpg
db1655.jpg,qr209.jpg
db1675.jpg,qr250.jpg
db1675.jpg,qr147.jpg
db1675.jpg,qr43.jpg
db3149.jpg,qr46.jpg
db3149.jpg,qr222.jpg
db853.jpg,qr63.jpg
db894.jpg,qr178.jpg
db894.jpg,qr214.jpg
db956.jpg,qr164.jpg
db960.jpg,qr164.jpg
db973.jpg,qr81.jpg
db973.jpg,qr238.jpg
db1039.jpg,qr219.jpg
db1039.jpg,qr13.jpg
db1039.jpg,qr285.jpg
db1095.jpg,qr262.jpg
db1095.jpg,qr15.jpg
db1307.jpg,qr199.jpg
db1307.jpg,qr247.jpg
db1348.jpg,qr119.jpg
db1348.jpg,qr39.jpg
db1379.jpg,qr229.jpg
db1413.jpg,qr7.jpg
db1413.jpg,qr51.jpg
db1656.jpg,qr282.jpg
