db926.jpg,qr177.jpg,1
db926.jpg,qr160.jpg,1
db926.jpg,qr214.jpg,1
db932.jpg,qr1.jpg,1
db932.jpg,qr176.jpg,1
db932.jpg,qr236.jpg,1
db1216.jpg,qr216.jpg,1
db1216.jpg,qr60.jpg,1
db1357.jpg,qr247.jpg,1
db1357.jpg,qr189.jpg,1
db1423.jpg,qr47.jpg,1
db1423.jpg,qr222.jpg,1
db1655.jpg,qr281.jpg,1
db1655.jpg,qr151.jpg,1
db1655.jpg,qr209.jpg,1
db1675.jpg,qr250.jpg,1
db1675.jpg,qr147.jpg,1
db1675.jpg,qr43.jpg,1
db3149.jpg,qr46.jpg,1
db3149.jpg,qr222.jpg,1
db853.jpg,qr63.jpg,1
db894.jpg,qr178.jpg,1
db894.jpg,qr214.jpg,1
db956.jpg,qr164.jpg,1
db960.jpg,qr164.jpg,1
db973.jpg,qr81.jpg,1
db973.jpg,qr238.jpg,1
db1039.jpg,qr219.jpg,1
db1039.jpg,qr13.jpg,1
db1039.jpg,qr285.jpg,1
db1095.jpg,qr262.jpg,1
db1095.jpg,qr15.jpg,1
db1307.jpg,qr199.jpg,1
db1307.jpg,qr247.jpg,1
db1348.jpg,qr119.jpg,1
db1348.jpg,qr39.jpg,1
db1379.jpg,qr229.jpg,1
db1413.jpg,qr7.jpg,1
db1413.jpg,qr51.jpg,1
db1656.jpg,qr282.jpg,1
